Abadeh	Barcelona	755039	0.021097	0.072354
Abadeh	Berlin	1332253	0.023124	0.076212
Abadeh	Colombo	1471166	0.015367	0.086107
Abadeh	Copenhagen	1204164	0.017781	0.100979
Abadeh	Crete	1176632	-0.011238	0.075982
Abadeh	Denver	1486072	0.008597	0.096818
Abadeh	Guimaraes	1459666	0.023118	0.061077
Abadeh	Isfahan	924893	0.020228	0.136950
Abadeh	Johannesburg	1365788	0.030636	0.094985
Abadeh	Lahijan	895110	0.020327	0.078865
Abadeh	Lisbon	1250548	0.023798	0.068354
Abadeh	London	1386525	0.020507	0.103525
Abadeh	MexicoCity	1143009	0.020630	0.089659
Abadeh	Monterrey	1179480	0.022800	0.110859
Abadeh	Nairobi	1188882	0.028268	0.112216
Abadeh	Nowshahr	1152352	0.020756	0.111038
Abadeh	Perth	1450146	0.015304	0.125549
Abadeh	PigeonIsland	1373105	0.014078	0.109931
Abadeh	Prague	1351289	0.023672	0.077518
Abadeh	SaltLakeCity	1292209	0.022194	0.091730
Abadeh	Salvador	1204201	0.020989	0.105841
Abadeh	SanCristobalDeLasCasas	1102169	0.021541	0.118964
Abadeh	Santiago	1239989	0.016766	0.107557
Abadeh	Sardinia	1342093	0.014471	0.059440
Abadeh	Tatui	1120218	0.025693	0.117752
Abadeh	Tehran	1342563	0.024310	0.039418
Abadeh	TelAviv	1004878	0.027186	0.080930
Abadeh	TelAvivColony	1268598	0.010581	0.218567
Abadeh	TlaxcalaDeXicohtencatl	1186345	0.018539	0.103295
Abadeh	Torshavn	1461572	0.014846	0.106308
Abadeh	Trincomalee	1408607	0.014446	0.100266
Abadeh	Vernelle	1189032	0.021102	0.062648
Abadeh	WadiHidan	1398721	0.026979	0.060780
Abadeh	Cpalumbus	1150679	0.050821	0.784868
Barcelona	Berlin	949541	0.016201	0.055531
Barcelona	Colombo	1071610	0.012583	0.087044
Barcelona	Copenhagen	832806	0.017555	0.071933
Barcelona	Crete	836198	-0.005237	0.094402
Barcelona	Denver	1093925	0.013861	0.078659
Barcelona	Guimaraes	1054539	0.015794	0.043021
Barcelona	Isfahan	649996	0.020804	0.115947
Barcelona	Johannesburg	969854	0.018625	0.063863
Barcelona	Lahijan	651529	0.017994	0.085010
Barcelona	Lisbon	885403	0.015445	0.051589
Barcelona	London	993732	0.014460	0.068240
Barcelona	MexicoCity	774399	0.020786	0.057548
Barcelona	Monterrey	820281	0.016196	0.083427
Barcelona	Nairobi	775526	0.017346	0.097583
Barcelona	Nowshahr	803564	0.026910	0.089755
Barcelona	Perth	1045582	0.015893	0.089663
Barcelona	PigeonIsland	982532	0.008447	0.147620
Barcelona	Prague	973660	0.016357	0.057529
Barcelona	SaltLakeCity	865291	0.016388	0.059405
Barcelona	Salvador	807281	0.017419	0.077330
Barcelona	SanCristobalDeLasCasas	767158	0.016284	0.094179
Barcelona	Santiago	869381	0.015400	0.084838
Barcelona	Sardinia	950065	0.010340	0.073180
Barcelona	Tatui	765922	0.016739	0.099619
Barcelona	Tehran	890251	0.016066	0.055917
Barcelona	TelAviv	746989	0.018392	0.068785
Barcelona	TelAvivColony	881610	0.017720	0.239458
Barcelona	TlaxcalaDeXicohtencatl	825193	0.020247	0.078524
Barcelona	Torshavn	1064907	0.010567	0.122450
Barcelona	Trincomalee	1011275	0.009536	0.136478
Barcelona	Vernelle	834176	0.016469	0.066689
Barcelona	WadiHidan	1005305	0.017810	0.078079
Barcelona	Cpalumbus	795682	0.082021	0.789378
Berlin	Colombo	2161045	0.009362	0.081085
Berlin	Copenhagen	1568671	0.014359	0.060736
Berlin	Crete	1759023	0.004997	0.096062
Berlin	Denver	2186298	0.010831	0.062335
Berlin	Guimaraes	2084754	0.014371	0.036454
Berlin	Isfahan	1211107	0.023270	0.110822
Berlin	Johannesburg	1774421	0.016244	0.054030
Berlin	Lahijan	1173223	0.019097	0.079904
Berlin	Lisbon	1714201	0.013128	0.044752
Berlin	London	2037265	0.014232	0.048364
Berlin	MexicoCity	1318396	0.021980	0.056803
Berlin	Monterrey	1550120	0.014586	0.078731
Berlin	Nairobi	1396786	0.015533	0.091272
Berlin	Nowshahr	1489427	0.027183	0.084828
Berlin	Perth	2075906	0.011871	0.072226
Berlin	PigeonIsland	2016865	0.006531	0.141366
Berlin	Prague	1744428	0.015121	0.037963
Berlin	SaltLakeCity	1597046	0.015863	0.047310
Berlin	Salvador	1599415	0.018240	0.062226
Berlin	SanCristobalDeLasCasas	1435121	0.014989	0.088875
Berlin	Santiago	1669788	0.011626	0.081308
Berlin	Sardinia	1980297	0.007566	0.070580
Berlin	Tatui	1290486	0.015212	0.092735
Berlin	Tehran	1619023	0.014753	0.056816
Berlin	TelAviv	1428365	0.015781	0.063988
Berlin	TelAvivColony	1663086	0.009028	0.230113
Berlin	TlaxcalaDeXicohtencatl	1552209	0.019241	0.073555
Berlin	Torshavn	2140235	0.008533	0.112417
Berlin	Trincomalee	2064006	0.007377	0.128164
Berlin	Vernelle	1601013	0.016438	0.056844
Berlin	WadiHidan	2023887	0.015862	0.073282
Berlin	Cpalumbus	1542839	0.095754	0.787354
Colombo	Copenhagen	1716684	0.026474	0.107773
Colombo	Crete	2412473	0.030154	0.118537
Colombo	Denver	2860857	0.049812	0.097920
Colombo	Guimaraes	2488724	0.016618	0.070361
Colombo	Isfahan	1262867	0.026395	0.115766
Colombo	Johannesburg	2165349	0.019392	0.089003
Colombo	Lahijan	1223612	0.017283	0.085244
Colombo	Lisbon	1858732	0.003695	0.075613
Colombo	London	2667130	0.022047	0.098823
Colombo	MexicoCity	1452842	0.018856	0.091873
Colombo	Monterrey	1661609	0.017941	0.111567
Colombo	Nairobi	1636226	0.015703	0.105399
Colombo	Nowshahr	1598524	0.045662	0.095942
Colombo	Perth	2456653	0.030740	0.117998
Colombo	PigeonIsland	2748770	0.026528	0.120680
Colombo	Prague	2062901	0.019603	0.088433
Colombo	SaltLakeCity	1732480	0.013167	0.091219
Colombo	Salvador	1687400	0.012423	0.105026
Colombo	SanCristobalDeLasCasas	1517427	0.017317	0.121576
Colombo	Santiago	1896567	0.026429	0.115225
Colombo	Sardinia	2709388	0.026360	0.092908
Colombo	Tatui	1407204	0.010792	0.128204
Colombo	Tehran	1845220	0.009153	0.062858
Colombo	TelAviv	1876482	0.026811	0.088762
Colombo	TelAvivColony	1870475	0.045939	0.252767
Colombo	TlaxcalaDeXicohtencatl	1662914	0.031161	0.106165
Colombo	Torshavn	2780321	0.026660	0.137291
Colombo	Trincomalee	2793161	0.026410	0.106890
Colombo	Vernelle	1703280	0.007769	0.086289
Colombo	WadiHidan	2558734	0.019934	0.086858
Colombo	Cpalumbus	1894087	0.100510	0.784433
Copenhagen	Crete	1338465	0.017272	0.128376
Copenhagen	Denver	1726143	0.033161	0.087652
Copenhagen	Guimaraes	1686506	0.026648	0.060188
Copenhagen	Isfahan	1118052	0.026423	0.128391
Copenhagen	Johannesburg	1510719	0.030146	0.061733
Copenhagen	Lahijan	1102613	0.014992	0.097431
Copenhagen	Lisbon	1470296	0.008670	0.067803
Copenhagen	London	1601512	0.025592	0.063141
Copenhagen	MexicoCity	1251792	0.021300	0.069037
Copenhagen	Monterrey	1544611	0.025031	0.097807
Copenhagen	Nairobi	1267843	0.027014	0.107255
Copenhagen	Nowshahr	1468232	0.043084	0.098484
Copenhagen	Perth	1700422	0.027627	0.088901
Copenhagen	PigeonIsland	1573534	0.026991	0.173761
Copenhagen	Prague	1523817	0.026197	0.059343
Copenhagen	SaltLakeCity	1447072	0.018875	0.058360
Copenhagen	Salvador	1395847	0.015796	0.082252
Copenhagen	SanCristobalDeLasCasas	1411405	0.018321	0.108282
Copenhagen	Santiago	1625681	0.026298	0.101479
Copenhagen	Sardinia	1555534	0.026487	0.103342
Copenhagen	Tatui	1236670	0.021900	0.112778
Copenhagen	Tehran	1434215	0.020888	0.074983
Copenhagen	TelAviv	1109298	0.033551	0.084210
Copenhagen	TelAvivColony	1656301	0.019803	0.267408
Copenhagen	TlaxcalaDeXicohtencatl	1516959	0.030261	0.089804
Copenhagen	Torshavn	1688157	0.026726	0.145718
Copenhagen	Trincomalee	1615774	0.026891	0.160588
Copenhagen	Vernelle	1408452	0.010593	0.088684
Copenhagen	WadiHidan	1622398	0.029284	0.101899
Copenhagen	Cpalumbus	1293059	0.083207	0.807598
Crete	Denver	2592043	0.038051	0.128293
Crete	Guimaraes	2108571	0.006412	0.081954
Crete	Isfahan	857765	0.030900	0.176990
Crete	Johannesburg	1931058	0.002214	0.120191
Crete	Lahijan	823857	0.027851	0.113999
Crete	Lisbon	1443955	-0.006106	0.088199
Crete	London	2441983	0.031745	0.129866
Crete	MexicoCity	1057948	-0.007662	0.119252
Crete	Monterrey	1265240	0.024934	0.136577
Crete	Nairobi	1479388	-0.011812	0.144842
Crete	Nowshahr	1198417	0.032553	0.151096
Crete	Perth	2078388	0.017540	0.158170
Crete	PigeonIsland	2646003	0.071174	0.155057
Crete	Prague	1723229	-0.001963	0.098970
Crete	SaltLakeCity	1338139	-0.009262	0.116231
Crete	Salvador	1279469	-0.003395	0.129623
Crete	SanCristobalDeLasCasas	1115237	0.026415	0.148327
Crete	Santiago	1540406	0.018702	0.140332
Crete	Sardinia	2629448	0.050140	0.087229
Crete	Tatui	1009611	-0.015508	0.148775
Crete	Tehran	1546299	-0.015187	0.068126
Crete	TelAviv	1930304	0.026440	0.104216
Crete	TelAvivColony	1510617	0.039073	0.282547
Crete	TlaxcalaDeXicohtencatl	1262878	0.023551	0.133562
Crete	Torshavn	2485227	0.034764	0.136996
Crete	Trincomalee	2633105	0.053303	0.143312
Crete	Vernelle	1288013	-0.005125	0.086063
Crete	WadiHidan	2250283	0.026747	0.091534
Crete	Cpalumbus	1716899	0.052801	0.784328
Denver	Guimaraes	2528597	0.032508	0.053914
Denver	Isfahan	1262592	0.027319	0.138874
Denver	Johannesburg	2229049	0.044997	0.073122
Denver	Lahijan	1221175	0.023349	0.101173
Denver	Lisbon	1866528	-0.000636	0.060529
Denver	London	2817130	0.041454	0.076030
Denver	MexicoCity	1469460	0.014074	0.066357
Denver	Monterrey	1664967	0.038992	0.084854
Denver	Nairobi	1660788	0.035558	0.117206
Denver	Nowshahr	1604197	0.038172	0.112462
Denver	Perth	2495950	0.036523	0.102847
Denver	PigeonIsland	3001452	0.072069	0.162928
Denver	Prague	2109415	0.039157	0.065264
Denver	SaltLakeCity	1748470	0.017742	0.063499
Denver	Salvador	1698718	0.008245	0.084075
Denver	SanCristobalDeLasCasas	1519752	0.032324	0.097614
Denver	Santiago	1908972	0.040144	0.098694
Denver	Sardinia	2966718	0.060598	0.091751
Denver	Tatui	1419485	0.019777	0.119460
Denver	Tehran	1864847	0.016660	0.074968
Denver	TelAviv	1964591	0.063636	0.087501
Denver	TelAvivColony	1887039	0.045353	0.278609
Denver	TlaxcalaDeXicohtencatl	1670944	0.030957	0.084249
Denver	Torshavn	2913077	0.057664	0.137446
Denver	Trincomalee	3028903	0.066729	0.147477
Denver	Vernelle	1708261	0.002332	0.079422
Denver	WadiHidan	2655801	0.049621	0.093892
Denver	Cpalumbus	1976900	0.068933	0.793313
Guimaraes	Isfahan	1240533	0.031908	0.104157
Guimaraes	Johannesburg	2066640	0.015712	0.049663
Guimaraes	Lahijan	1202032	0.021407	0.068083
Guimaraes	Lisbon	1844039	0.009737	0.031230
Guimaraes	London	2367456	0.018293	0.049300
Guimaraes	MexicoCity	1451016	0.025203	0.045059
Guimaraes	Monterrey	1636599	0.017390	0.066757
Guimaraes	Nairobi	1605007	0.014274	0.085383
Guimaraes	Nowshahr	1566534	0.050280	0.078100
Guimaraes	Perth	2349666	0.025950	0.070483
Guimaraes	PigeonIsland	2352110	0.009707	0.127234
Guimaraes	Prague	2003545	0.016650	0.040480
Guimaraes	SaltLakeCity	1725649	0.017257	0.043272
Guimaraes	Salvador	1682611	0.019653	0.056515
Guimaraes	SanCristobalDeLasCasas	1497982	0.018675	0.075770
Guimaraes	Santiago	1850138	0.021713	0.069555
Guimaraes	Sardinia	2320815	0.011783	0.056145
Guimaraes	Tatui	1404951	0.012673	0.082114
Guimaraes	Tehran	1819952	0.012815	0.042690
Guimaraes	TelAviv	1713102	0.017908	0.056417
Guimaraes	TelAvivColony	1824469	0.034464	0.216963
Guimaraes	TlaxcalaDeXicohtencatl	1637209	0.033983	0.061047
Guimaraes	Torshavn	2481871	0.013652	0.099701
Guimaraes	Trincomalee	2402750	0.011352	0.113751
Guimaraes	Vernelle	1691980	0.015231	0.047451
Guimaraes	WadiHidan	2339523	0.016879	0.062405
Guimaraes	Cpalumbus	1771529	0.122374	0.779425
Isfahan	Johannesburg	1021890	0.034447	0.096767
Isfahan	Lahijan	1138104	0.022722	0.087379
Isfahan	Lisbon	1187506	0.019433	0.107503
Isfahan	London	1116832	0.028009	0.122795
Isfahan	MexicoCity	925724	0.024151	0.110996
Isfahan	Monterrey	1161520	0.040159	0.134568
Isfahan	Nairobi	813637	0.031334	0.113717
Isfahan	Nowshahr	1227125	0.018061	0.049855
Isfahan	Perth	1258886	0.025730	0.140739
Isfahan	PigeonIsland	1088110	0.027029	0.205884
Isfahan	Prague	1066782	0.030014	0.113309
Isfahan	SaltLakeCity	1181928	0.026095	0.102270
Isfahan	Salvador	1182498	0.022046	0.132485
Isfahan	SanCristobalDeLasCasas	1190438	0.036039	0.144163
Isfahan	Santiago	1059348	0.026468	0.140309
Isfahan	Sardinia	1051706	0.026669	0.151273
Isfahan	Tatui	926641	0.031079	0.152421
Isfahan	Tehran	1030889	0.027907	0.084896
Isfahan	TelAviv	661487	0.029716	0.114624
Isfahan	TelAvivColony	1130530	0.010699	0.320029
Isfahan	TlaxcalaDeXicohtencatl	1213680	0.023966	0.129520
Isfahan	Torshavn	1217046	0.026920	0.199294
Isfahan	Trincomalee	1136144	0.026927	0.187362
Isfahan	Vernelle	1203212	0.019340	0.135849
Isfahan	WadiHidan	1166749	0.036046	0.137513
Isfahan	Cpalumbus	969097	0.068562	0.826839
Johannesburg	Lahijan	992558	0.023784	0.083527
Johannesburg	Lisbon	1570774	0.013576	0.058468
Johannesburg	London	2104321	0.016846	0.045658
Johannesburg	MexicoCity	1370595	0.034189	0.053764
Johannesburg	Monterrey	1442257	0.016603	0.081515
Johannesburg	Nairobi	1612863	0.012696	0.088775
Johannesburg	Nowshahr	1360992	0.058009	0.074918
Johannesburg	Perth	2042298	0.029817	0.067963
Johannesburg	PigeonIsland	2110899	0.004701	0.165759
Johannesburg	Prague	1946769	0.015255	0.053152
Johannesburg	SaltLakeCity	1528574	0.018594	0.039586
Johannesburg	Salvador	1442331	0.022138	0.068697
Johannesburg	SanCristobalDeLasCasas	1298593	0.018987	0.090356
Johannesburg	Santiago	1662518	0.025795	0.085808
Johannesburg	Sardinia	2077348	0.012873	0.101209
Johannesburg	Tatui	1329589	0.013855	0.103047
Johannesburg	Tehran	1717197	0.014366	0.067559
Johannesburg	TelAviv	1610965	0.011892	0.071385
Johannesburg	TelAvivColony	1630977	0.050392	0.240657
Johannesburg	TlaxcalaDeXicohtencatl	1426869	0.038834	0.073184
Johannesburg	Torshavn	2179636	0.013317	0.140736
Johannesburg	Trincomalee	2147087	0.008960	0.150555
Johannesburg	Vernelle	1422502	0.019156	0.085684
Johannesburg	WadiHidan	2025256	0.013461	0.095467
Johannesburg	Cpalumbus	1588082	0.140237	0.797230
Lahijan	Lisbon	1147747	0.017379	0.073310
Lahijan	London	1085092	0.020243	0.095792
Lahijan	MexicoCity	899179	0.021186	0.086834
Lahijan	Monterrey	1146111	0.023747	0.106076
Lahijan	Nairobi	789402	0.022103	0.099808
Lahijan	Nowshahr	1203572	0.009104	0.069752
Lahijan	Perth	1213410	0.019308	0.118081
Lahijan	PigeonIsland	1059333	0.016620	0.149814
Lahijan	Prague	1041046	0.021099	0.084932
Lahijan	SaltLakeCity	1134505	0.019982	0.082970
Lahijan	Salvador	1135574	0.019543	0.104775
Lahijan	SanCristobalDeLasCasas	1167343	0.021775	0.115561
Lahijan	Santiago	1045947	0.014182	0.107216
Lahijan	Sardinia	1026072	0.017159	0.093032
Lahijan	Tatui	899137	0.022094	0.122420
Lahijan	Tehran	1001649	0.020033	0.050808
Lahijan	TelAviv	639568	0.021593	0.084651
Lahijan	TelAvivColony	1116673	0.001678	0.254935
Lahijan	TlaxcalaDeXicohtencatl	1189410	0.014805	0.098974
Lahijan	Torshavn	1185112	0.017900	0.142035
Lahijan	Trincomalee	1106857	0.017345	0.132996
Lahijan	Vernelle	1161978	0.017783	0.086766
Lahijan	WadiHidan	1138954	0.024087	0.088036
Lahijan	Cpalumbus	932329	0.075857	0.805871
Lisbon	London	1726146	0.009160	0.059896
Lisbon	MexicoCity	1244066	0.020311	0.052000
Lisbon	Monterrey	1473038	0.010248	0.070710
Lisbon	Nairobi	1267475	0.013421	0.086923
Lisbon	Nowshahr	1430996	0.018934	0.082064
Lisbon	Perth	1833337	0.005832	0.081873
Lisbon	PigeonIsland	1689234	0.002675	0.132340
Lisbon	Prague	1573648	0.012459	0.047394
Lisbon	SaltLakeCity	1509966	0.013056	0.053500
Lisbon	Salvador	1518809	0.015226	0.065857
Lisbon	SanCristobalDeLasCasas	1387720	0.010735	0.079246
Lisbon	Santiago	1525686	0.005596	0.073535
Lisbon	Sardinia	1649406	0.002659	0.064354
Lisbon	Tatui	1229891	0.013260	0.085097
Lisbon	Tehran	1497895	0.013176	0.049612
Lisbon	TelAviv	1200548	0.012486	0.062789
Lisbon	TelAvivColony	1541918	-0.001345	0.220545
Lisbon	TlaxcalaDeXicohtencatl	1482764	0.012024	0.066001
Lisbon	Torshavn	1830205	0.003189	0.106123
Lisbon	Trincomalee	1740236	0.003030	0.119350
Lisbon	Vernelle	1542867	0.015274	0.054739
Lisbon	WadiHidan	1753936	0.012082	0.069022
Lisbon	Cpalumbus	1372852	0.090088	0.783974
London	MexicoCity	1336107	0.022634	0.064878
London	Monterrey	1529672	0.018865	0.096666
London	Nairobi	1588726	0.015513	0.106158
London	Nowshahr	1456882	0.044602	0.091002
London	Perth	2334481	0.026756	0.054801
London	PigeonIsland	2843459	0.015980	0.166819
London	Prague	1964173	0.017820	0.057569
London	SaltLakeCity	1604609	0.017247	0.044275
London	Salvador	1554789	0.017945	0.062150
London	SanCristobalDeLasCasas	1380564	0.019230	0.106381
London	Santiago	1790999	0.023975	0.101275
London	Sardinia	2812840	0.018890	0.100569
London	Tatui	1290959	0.014547	0.111720
London	Tehran	1761353	0.013620	0.075889
London	TelAviv	1905099	0.019638	0.077544
London	TelAvivColony	1743149	0.038767	0.258348
London	TlaxcalaDeXicohtencatl	1522744	0.031072	0.090310
London	Torshavn	2729207	0.020143	0.137176
London	Trincomalee	2859676	0.017772	0.152206
London	Vernelle	1560591	0.013978	0.086671
London	WadiHidan	2514492	0.018888	0.097479
London	Cpalumbus	1824015	0.104844	0.792618
MexicoCity	Monterrey	1217968	0.023754	0.043723
MexicoCity	Nairobi	1176395	0.031294	0.092669
MexicoCity	Nowshahr	1174959	0.028506	0.085887
MexicoCity	Perth	1441606	0.019175	0.087077
MexicoCity	PigeonIsland	1306073	0.017711	0.165178
MexicoCity	Prague	1415387	0.026378	0.054907
MexicoCity	SaltLakeCity	1296645	0.022830	0.048923
MexicoCity	Salvador	1203650	0.021084	0.073347
MexicoCity	SanCristobalDeLasCasas	1133451	0.022369	0.052288
MexicoCity	Santiago	1294307	0.019863	0.067515
MexicoCity	Sardinia	1272304	0.017971	0.094010
MexicoCity	Tatui	1235239	0.026256	0.094455
MexicoCity	Tehran	1291573	0.025545	0.064844
MexicoCity	TelAviv	901784	0.030329	0.072945
MexicoCity	TelAvivColony	1308912	0.016860	0.252556
MexicoCity	TlaxcalaDeXicohtencatl	1216414	0.022614	0.036993
MexicoCity	Torshavn	1432931	0.018236	0.140186
MexicoCity	Trincomalee	1351931	0.018067	0.151352
MexicoCity	Vernelle	1175264	0.019928	0.076835
MexicoCity	WadiHidan	1362234	0.028832	0.091501
MexicoCity	Cpalumbus	1108249	0.061105	0.813313
Monterrey	Nairobi	1209041	0.015784	0.115527
Monterrey	Nowshahr	1475708	0.058902	0.111819
Monterrey	Perth	1645500	0.028625	0.121408
Monterrey	PigeonIsland	1504673	0.013464	0.180908
Monterrey	Prague	1464700	0.017019	0.074230
Monterrey	SaltLakeCity	1429505	0.017453	0.077818
Monterrey	Salvador	1406591	0.019773	0.099971
Monterrey	SanCristobalDeLasCasas	1451289	0.019149	0.061659
Monterrey	Santiago	1538555	0.014512	0.083914
Monterrey	Sardinia	1479087	0.015111	0.111896
Monterrey	Tatui	1203517	0.014385	0.111310
Monterrey	Tehran	1394689	0.014646	0.083326
Monterrey	TelAviv	1046375	0.017921	0.093965
Monterrey	TelAvivColony	1586892	0.011469	0.267166
Monterrey	TlaxcalaDeXicohtencatl	1541034	0.038809	0.049465
Monterrey	Torshavn	1624663	0.016593	0.159232
Monterrey	Trincomalee	1548847	0.015087	0.165524
Monterrey	Vernelle	1419727	0.015544	0.096347
Monterrey	WadiHidan	1567100	0.017093	0.108850
Monterrey	Cpalumbus	1255462	0.112348	0.813072
Nairobi	Nowshahr	1135012	0.052946	0.099794
Nairobi	Perth	1590323	0.025572	0.128246
Nairobi	PigeonIsland	1577545	0.003965	0.185329
Nairobi	Prague	1547610	0.014040	0.095345
Nairobi	SaltLakeCity	1281272	0.017398	0.092697
Nairobi	Salvador	1175211	0.020439	0.115741
Nairobi	SanCristobalDeLasCasas	1078096	0.017887	0.122906
Nairobi	Santiago	1376569	0.022555	0.115080
Nairobi	Sardinia	1553502	0.009930	0.125099
Nairobi	Tatui	1155528	0.013552	0.129350
Nairobi	Tehran	1461876	0.013878	0.082207
Nairobi	TelAviv	1270619	0.012117	0.096599
Nairobi	TelAvivColony	1366367	0.040835	0.260434
Nairobi	TlaxcalaDeXicohtencatl	1190157	0.035123	0.106702
Nairobi	Torshavn	1634158	0.010503	0.171221
Nairobi	Trincomalee	1599541	0.007108	0.167607
Nairobi	Vernelle	1155761	0.017908	0.107682
Nairobi	WadiHidan	1553932	0.013203	0.113265
Nairobi	Cpalumbus	1251382	0.118790	0.809569
Nowshahr	Perth	1584678	0.037857	0.115419
Nowshahr	PigeonIsland	1428565	0.051240	0.182068
Nowshahr	Prague	1389963	0.048252	0.085471
Nowshahr	SaltLakeCity	1417065	0.033021	0.075938
Nowshahr	Salvador	1389390	0.022020	0.106480
Nowshahr	SanCristobalDeLasCasas	1433966	0.035671	0.120812
Nowshahr	Santiago	1429853	0.051265	0.115676
Nowshahr	Sardinia	1403442	0.048703	0.122827
Nowshahr	Tatui	1163237	0.044337	0.129589
Nowshahr	Tehran	1330471	0.041666	0.062906
Nowshahr	TelAviv	974088	0.059511	0.089962
Nowshahr	TelAvivColony	1508123	0.032311	0.296100
Nowshahr	TlaxcalaDeXicohtencatl	1508103	0.033588	0.103933
Nowshahr	Torshavn	1556543	0.047312	0.171243
Nowshahr	Trincomalee	1476068	0.049110	0.164920
Nowshahr	Vernelle	1407154	0.015249	0.105871
Nowshahr	WadiHidan	1498477	0.057595	0.111843
Nowshahr	Cpalumbus	1220385	0.065957	0.816501
Perth	PigeonIsland	2312929	0.033778	0.187898
Perth	Prague	1974343	0.027606	0.081005
Perth	SaltLakeCity	1729767	0.016995	0.065749
Perth	Salvador	1691305	0.012120	0.086600
Perth	SanCristobalDeLasCasas	1508936	0.024363	0.130195
Perth	Santiago	1845889	0.029358	0.126547
Perth	Sardinia	2279624	0.032086	0.125748
Perth	Tatui	1404010	0.019160	0.136713
Perth	Tehran	1802486	0.016973	0.097495
Perth	TelAviv	1679880	0.036885	0.097290
Perth	TelAvivColony	1828873	0.030738	0.294062
Perth	TlaxcalaDeXicohtencatl	1649943	0.029271	0.114555
Perth	Torshavn	2438871	0.031538	0.167893
Perth	Trincomalee	2362430	0.032948	0.173469
Perth	Vernelle	1696793	0.008451	0.110126
Perth	WadiHidan	2284653	0.031877	0.118365
Perth	Cpalumbus	1754200	0.082317	0.803711
PigeonIsland	Prague	1953696	0.009817	0.149637
PigeonIsland	SaltLakeCity	1568318	0.009927	0.162117
PigeonIsland	Salvador	1515101	0.011883	0.170797
PigeonIsland	SanCristobalDeLasCasas	1351349	0.014975	0.192186
PigeonIsland	Santiago	1772904	0.026941	0.181622
PigeonIsland	Sardinia	3156477	0.026630	0.125734
PigeonIsland	Tatui	1259438	0.003801	0.192383
PigeonIsland	Tehran	1739873	0.003515	0.110537
PigeonIsland	TelAviv	1973966	0.011932	0.151519
PigeonIsland	TelAvivColony	1730128	0.068250	0.290758
PigeonIsland	TlaxcalaDeXicohtencatl	1497409	0.032771	0.177047
PigeonIsland	Torshavn	2834681	0.026954	0.170913
PigeonIsland	Trincomalee	3230723	0.025750	0.034487
PigeonIsland	Vernelle	1530977	0.007518	0.130176
PigeonIsland	WadiHidan	2582632	0.007703	0.129356
PigeonIsland	Cpalumbus	1908534	0.113475	0.781673
Prague	SaltLakeCity	1554193	0.017325	0.046305
Prague	Salvador	1463084	0.019380	0.067829
Prague	SanCristobalDeLasCasas	1333500	0.018354	0.086797
Prague	Santiago	1647490	0.023210	0.079981
Prague	Sardinia	1913750	0.014893	0.078753
Prague	Tatui	1381863	0.012876	0.092016
Prague	Tehran	1671216	0.013804	0.059372
Prague	TelAviv	1462816	0.016982	0.068769
Prague	TelAvivColony	1630529	0.042512	0.235986
Prague	TlaxcalaDeXicohtencatl	1451171	0.032751	0.071771
Prague	Torshavn	2067222	0.015501	0.119198
Prague	Trincomalee	1998584	0.012916	0.136274
Prague	Vernelle	1448118	0.016384	0.061692
Prague	WadiHidan	1938606	0.016054	0.080481
Prague	Cpalumbus	1521932	0.115697	0.796006
SaltLakeCity	Salvador	1476709	0.018670	0.061713
SaltLakeCity	SanCristobalDeLasCasas	1364328	0.017680	0.084376
SaltLakeCity	Santiago	1453127	0.015946	0.081248
SaltLakeCity	Sardinia	1526262	0.011537	0.094863
SaltLakeCity	Tatui	1282602	0.015586	0.099099
SaltLakeCity	Tehran	1482012	0.015701	0.064855
SaltLakeCity	TelAviv	1124214	0.019134	0.068603
SaltLakeCity	TelAvivColony	1501357	0.016950	0.244702
SaltLakeCity	TlaxcalaDeXicohtencatl	1447908	0.023788	0.069755
SaltLakeCity	Torshavn	1706147	0.012227	0.135339
SaltLakeCity	Trincomalee	1616194	0.010940	0.147873
SaltLakeCity	Vernelle	1459632	0.016317	0.079374
SaltLakeCity	WadiHidan	1625749	0.019000	0.091439
SaltLakeCity	Cpalumbus	1337694	0.089663	0.805796
Salvador	SanCristobalDeLasCasas	1348689	0.018862	0.107087
Salvador	Santiago	1407601	0.013850	0.100125
Salvador	Sardinia	1474261	0.011868	0.101563
Salvador	Tatui	1188207	0.019455	0.105164
Salvador	Tehran	1401700	0.018619	0.080931
Salvador	TelAviv	1042555	0.021420	0.088167
Salvador	TelAvivColony	1444387	0.005693	0.259461
Salvador	TlaxcalaDeXicohtencatl	1426569	0.017946	0.093831
Salvador	Torshavn	1657090	0.012444	0.146512
Salvador	Trincomalee	1565728	0.012140	0.156011
Salvador	Vernelle	1471687	0.017245	0.088476
Salvador	WadiHidan	1581642	0.022666	0.098709
Salvador	Cpalumbus	1278740	0.069444	0.802851
SanCristobalDeLasCasas	Santiago	1371779	0.013351	0.092024
SanCristobalDeLasCasas	Sardinia	1323219	0.016046	0.122227
SanCristobalDeLasCasas	Tatui	1125532	0.016420	0.121537
SanCristobalDeLasCasas	Tehran	1273682	0.016420	0.092259
SanCristobalDeLasCasas	TelAviv	907965	0.019470	0.100949
SanCristobalDeLasCasas	TelAvivColony	1432384	0.004022	0.283171
SanCristobalDeLasCasas	TlaxcalaDeXicohtencatl	1470843	0.027661	0.061870
SanCristobalDeLasCasas	Torshavn	1480168	0.017181	0.169432
SanCristobalDeLasCasas	Trincomalee	1398327	0.016211	0.177203
SanCristobalDeLasCasas	Vernelle	1363256	0.015019	0.106915
SanCristobalDeLasCasas	WadiHidan	1425666	0.019430	0.118980
SanCristobalDeLasCasas	Cpalumbus	1157784	0.098062	0.818074
Santiago	Sardinia	1758115	0.026427	0.109485
Santiago	Tatui	1265158	0.016675	0.115486
Santiago	Tehran	1535752	0.015144	0.084131
Santiago	TelAviv	1273341	0.031933	0.096688
Santiago	TelAvivColony	1714716	0.036822	0.277557
Santiago	TlaxcalaDeXicohtencatl	1500737	0.032062	0.081441
Santiago	Torshavn	1872594	0.026701	0.157851
Santiago	Trincomalee	1811413	0.026847	0.165916
Santiago	Vernelle	1413302	0.008861	0.097396
Santiago	WadiHidan	1793473	0.024411	0.109425
Santiago	Cpalumbus	1390637	0.091169	0.808153
Sardinia	Tatui	1223379	0.007277	0.121023
Sardinia	Tehran	1707058	0.005818	0.055238
Sardinia	TelAviv	1960640	0.019651	0.088496
Sardinia	TelAvivColony	1710876	0.060097	0.235006
Sardinia	TlaxcalaDeXicohtencatl	1467560	0.031680	0.106439
Sardinia	Torshavn	2800327	0.026379	0.100651
Sardinia	Trincomalee	3123984	0.026553	0.114084
Sardinia	Vernelle	1492102	0.007215	0.057330
Sardinia	WadiHidan	2565580	0.012815	0.070221
Sardinia	Cpalumbus	1881184	0.107852	0.771113
Tatui	Tehran	1272402	0.013589	0.094700
Tatui	TelAviv	867789	0.012615	0.108796
Tatui	TelAvivColony	1282427	0.025556	0.275694
Tatui	TlaxcalaDeXicohtencatl	1200961	0.029352	0.106987
Tatui	Torshavn	1388263	0.006981	0.167032
Tatui	Trincomalee	1304915	0.005390	0.178745
Tatui	Vernelle	1166738	0.017432	0.105511
Tatui	WadiHidan	1321942	0.013152	0.118719
Tatui	Cpalumbus	1073146	0.098212	0.825703
Tehran	TelAviv	1327267	0.013334	0.057412
Tehran	TelAvivColony	1533716	0.022276	0.203991
Tehran	TlaxcalaDeXicohtencatl	1385354	0.028268	0.076538
Tehran	Torshavn	1838600	0.006225	0.100657
Tehran	Trincomalee	1778390	0.004598	0.097629
Tehran	Vernelle	1394312	0.016540	0.055812
Tehran	WadiHidan	1760233	0.013465	0.054474
Tehran	Cpalumbus	1401718	0.104798	0.786172
TelAviv	TelAvivColony	1236954	0.066231	0.214765
TelAviv	TlaxcalaDeXicohtencatl	1031672	0.039534	0.088928
TelAviv	Torshavn	1916629	0.022683	0.135186
TelAviv	Trincomalee	1971729	0.017465	0.137402
TelAviv	Vernelle	1058113	0.017740	0.082093
TelAviv	WadiHidan	1794554	0.014567	0.064531
TelAviv	Cpalumbus	1330811	0.142430	0.781033
TelAvivColony	TlaxcalaDeXicohtencatl	1557786	0.017700	0.273754
TelAvivColony	Torshavn	1843131	0.055408	0.282801
TelAvivColony	Trincomalee	1772700	0.061928	0.279149
TelAvivColony	Vernelle	1452480	-0.000218	0.228426
TelAvivColony	WadiHidan	1772040	0.041081	0.192801
TelAvivColony	Cpalumbus	1409908	0.069404	0.835940
TlaxcalaDeXicohtencatl	Torshavn	1623999	0.031670	0.153826
TlaxcalaDeXicohtencatl	Trincomalee	1542325	0.032208	0.161285
TlaxcalaDeXicohtencatl	Vernelle	1441464	0.012341	0.092391
TlaxcalaDeXicohtencatl	WadiHidan	1561146	0.038308	0.102991
TlaxcalaDeXicohtencatl	Cpalumbus	1263403	0.073477	0.811014
Torshavn	Trincomalee	2875631	0.026879	0.159497
Torshavn	Vernelle	1672853	0.007846	0.094466
Torshavn	WadiHidan	2585085	0.016426	0.115413
Torshavn	Cpalumbus	1913292	0.104198	0.789940
Trincomalee	Vernelle	1582153	0.007722	0.118447
Trincomalee	WadiHidan	2614173	0.011765	0.116770
Trincomalee	Cpalumbus	1928120	0.109183	0.778843
Vernelle	WadiHidan	1606862	0.018312	0.068845
Vernelle	Cpalumbus	1284958	0.074439	0.782528
WadiHidan	Cpalumbus	1780990	0.140816	0.772647
